,Open,High,Low,Close,ma_diff,sar_diff,trend
05-05-2022 19:00,36412.4609375,36427.50390625,35856.515625,36301.578125,-1903.288319491905,,Downtrend
05-05-2022 20:00,36304.71875,36430.07421875,36213.4296875,36430.07421875,-1829.0321032475767,-436.8819350249978,Downtrend
05-05-2022 21:00,36435.32421875,36592.2109375,36384.859375,36491.51953125,-1711.5482919574279,-349.5055480200026,Downtrend
05-05-2022 22:00,36484.32421875,36485.57421875,36302.234375,36302.953125,-1631.246937684562,-279.6044384159977,Downtrend
05-05-2022 23:00,36292.68359375,36574.79296875,36277.79296875,36574.79296875,-1466.3018107958633,-223.68355073279963,Downtrend
06-05-2022 00:00,36573.18359375,36624.359375,36358.6015625,36385.26953125,-1365.3864634805868,-894.7342029312058,Downtrend
06-05-2022 01:00,36397.34765625,36416.62890625,36269.17578125,36315.12109375,-1277.8732958227847,15.356874999997672,Downtrend
06-05-2022 02:00,36319.328125,36540.15625,36316.97265625,36450.62109375,-1152.258264669741,15.049737499997718,Downtrend
06-05-2022 03:00,36450.36328125,36476.109375,36390.64453125,36421.015625,-1046.9597617823529,14.748742750001838,Downtrend
06-05-2022 04:00,36429.22265625,36461.609375,36355.3984375,36392.46484375,-957.0073663135408,14.453767895000055,Downtrend
06-05-2022 05:00,36397.171875,36495.6640625,36397.171875,36491.84375,-848.7075352946194,14.164692537102383,Downtrend
06-05-2022 06:00,36494.05078125,36533.8359375,36431.7734375,36432.65234375,-770.5339233016275,13.881398686360626,Downtrend
06-05-2022 07:00,36432.87890625,36446.97265625,35962.84765625,36373.41796875,-713.0236141375499,13.603770712630649,Downtrend
06-05-2022 08:00,36370.44140625,36401.6484375,36234.80078125,36265.5859375,-681.3734790937378,5.073046168909059,Downtrend
06-05-2022 09:00,36258.83203125,36391.88671875,36199.453125,36391.88671875,-610.5804027667182,0.0,Downtrend
06-05-2022 10:00,36393.671875,36409.37890625,35928.79296875,35928.79296875,-658.7567288625869,661.51171875,Downtrend
06-05-2022 11:00,35937.2734375,36030.6796875,35714.3046875,35849.22265625,-685.8478657104861,-13.91132812500291,Downtrend
06-05-2022 12:00,35852.01171875,36264.046875,35758.55859375,35890.48046875,-670.5923146200003,-35.845734374997846,Downtrend
06-05-2022 13:00,35899.234375,36008.0625,35482.1328125,35673.21484375,-691.8318194504973,-34.41190500000084,Downtrend
06-05-2022 14:00,35685.0390625,36112.72265625,35685.0390625,36112.72265625,-578.0353171831593,-63.48345569999947,Downtrend
06-05-2022 15:00,36138.08203125,36357.75,36014.9609375,36048.84375,-506.2550929486315,-59.67444835799688,Downtrend
06-05-2022 16:00,36035.3984375,36212.84375,35985.94921875,36212.84375,-407.8398753802321,-56.09398145652085,Downtrend
06-05-2022 17:00,36215.64453125,36216.953125,35928.6171875,35940.65234375,-400.3384956245209,-3.188521985481202,Downtrend
06-05-2022 18:00,35941.8984375,36055.57421875,35887.8828125,36030.67578125,-361.67054349014506,-52.537031250001746,Downtrend
06-05-2022 19:00,36023.3984375,36133.93359375,35897.0859375,36008.78515625,-332.0774658221053,-49.38480937499844,Downtrend
06-05-2022 20:00,36013.05859375,36101.62890625,35899.015625,36098.34765625,-282.36112640893407,-46.42172081249737,Downtrend
06-05-2022 21:00,36091.09375,36094.84375,35948.96484375,35983.3125,-270.7989707459419,-43.63641756375,Downtrend
06-05-2022 22:00,35983.90234375,36048.5859375,35925.26171875,36044.484375,-240.6634472271253,-41.01823250992311,Downtrend
06-05-2022 23:00,36044.9921875,36114.47265625,36023.10546875,36041.23046875,-215.62109493475873,-642.6189759888293,Downtrend
07-05-2022 00:00,36042.50390625,36056.36328125,35979.4609375,36015.5390625,-199.78807139142737,12.646796875000291,Downtrend
07-05-2022 01:00,36016.93359375,36048.79296875,35957.57421875,36021.14453125,-182.56087982509052,12.393860937496356,Downtrend
07-05-2022 02:00,36021.0625,36027.12109375,35955.484375,35970.6171875,-178.40461184221203,12.145983718750358,Downtrend
07-05-2022 03:00,35968.3984375,35968.3984375,35835.625,35860.29296875,-196.50168921073055,11.903064044374332,Downtrend
07-05-2022 04:00,35863.5234375,35868.5390625,35785.62890625,35797.3828125,-216.15784643821826,11.66500276348961,Downtrend
07-05-2022 05:00,35798.24609375,35894.296875,35769.9375,35883.5703125,-200.63095408533263,11.431702708214289,Downtrend
07-05-2022 06:00,35889.6328125,35915.48828125,35811.60546875,35830.1328125,-197.61950459993386,11.203068654052913,Downtrend
07-05-2022 07:00,35830.97265625,35945.77734375,35816.28125,35940.07421875,-163.35291438731656,10.979007280970109,Downtrend
07-05-2022 08:00,35934.91015625,36041.7109375,35909.18359375,36034.359375,-115.0495239015363,10.75942713535187,Downtrend
07-05-2022 09:00,36027.42578125,36040.59375,35987.19921875,36005.4375,-89.14794038943364,10.544238592643524,Downtrend
07-05-2022 10:00,35999.8359375,36096.94921875,35978.8203125,36058.57421875,-58.043069984843896,10.33335382079531,Downtrend
07-05-2022 11:00,36067.76171875,36129.92578125,36045.9375,36049.04296875,-39.70811021748523,10.126686744377366,Downtrend
07-05-2022 12:00,36049.16015625,36057.1484375,35989.609375,36017.60546875,-34.87347225566191,20.466431018976436,Downtrend
07-05-2022 13:00,36021.9765625,36040.40625,35911.04296875,35913.1796875,-55.713528314227005,19.647773778218834,Downtrend
07-05-2022 14:00,35917.7734375,35986.69140625,35904.25390625,35985.32421875,-49.33776807369577,18.86186282709241,Downtrend
07-05-2022 15:00,35985.3359375,36040.3828125,35966.24609375,35971.25,-47.276797533420904,18.10738831400522,Downtrend
07-05-2022 16:00,35974.98828125,35989.97265625,35918.67578125,35950.3515625,-49.508640182670206,17.383092781448795,Downtrend
07-05-2022 17:00,35955.66015625,35971.6796875,35901.125,35903.45703125,-60.44849270737177,16.68776907018764,Downtrend
07-05-2022 18:00,35904.08984375,35993.046875,35890.95703125,35922.51171875,-60.59130378712143,16.02025830738421,Downtrend
07-05-2022 19:00,35924.72265625,35941.18359375,35886.50390625,35886.83203125,-67.24907404038822,15.379447975086805,Downtrend
07-05-2022 20:00,35885.66796875,35885.66796875,35771.03125,35812.59765625,-86.80483192202519,369.1067514020833,Downtrend
07-05-2022 21:00,35797.51171875,35811.64453125,35251.19140625,35251.19140625,-229.51281423406908,-7.1778906249965075,Downtrend
07-05-2022 22:00,35234.81640625,35280.32421875,34940.82421875,35024.6640625,-362.2396055934223,-34.86225937499694,Downtrend
07-05-2022 23:00,35039.8203125,35631.07421875,35039.8203125,35516.6015625,-313.66938909292367,-68.82368475000112,Downtrend
08-05-2022 00:00,35502.94140625,35502.94140625,35196.37109375,35196.37109375,-350.6606593476099,-64.69426366499829,Downtrend
08-05-2022 01:00,35191.53125,35239.375,34895.234375,34919.99609375,-427.6443411092405,-60.81260784510232,Downtrend
08-05-2022 02:00,34918.796875,34918.796875,34501.46875,34608.6484375,-534.6333263231063,-79.86565599919413,Downtrend
08-05-2022 03:00,34601.68359375,34613.7578125,34379.5546875,34500.57421875,-607.9258353188343,-131.22206689907034,Downtrend
08-05-2022 04:00,34505.46484375,34663.2421875,34480.796875,34480.796875,-637.543673849781,-156.3495197509983,Downtrend
08-05-2022 05:00,34475.62890625,34475.62890625,34378.04296875,34448.20703125,-642.9284067502012,-137.58757738088025,Downtrend
08-05-2022 06:00,34451.60546875,34863.54296875,34451.60546875,34791.96484375,-543.9188170552079,-141.46822006936418,Downtrend
08-05-2022 07:00,34784.9765625,34873.6328125,34656.6875,34656.6875,-499.1403744160052,-121.66266925965465,Downtrend
08-05-2022 08:00,34654.8046875,34701.3203125,34553.6640625,34693.17578125,-447.59774286248285,-104.62989556330285,Downtrend
08-05-2022 09:00,34692.8203125,34699.921875,34569.8046875,34590.08203125,-426.8452153266262,-89.98171018443827,Downtrend
08-05-2022 10:00,34590.1328125,34777.4453125,34565.53125,34736.70703125,-365.86646172320616,-77.38427075862273,Downtrend
08-05-2022 11:00,34737.5078125,34834.5,34734.19140625,34783.015625,-306.4449622529428,-475.3605203743791,Downtrend
08-05-2022 12:00,34784.15625,34818.76171875,34632.125,34644.0546875,-293.960948889835,9.129140625002037,Downtrend
08-05-2022 13:00,34645.78125,34661.25,34443.84375,34443.84375,-324.7680863012938,8.946557812501851,Downtrend
08-05-2022 14:00,34445.27734375,34552.015625,34395.13671875,34466.62109375,-327.6168941232463,438.3813328124961,Downtrend
08-05-2022 15:00,34465.38671875,34585.78125,34434.109375,34440.37890625,-325.18282621035905,-8.787265624996508,Downtrend
08-05-2022 16:00,34431.90234375,34527.36328125,34380.65234375,34416.2421875,-319.1382317363823,-8.611520312500943,Downtrend
08-05-2022 17:00,34412.33203125,34412.33203125,33878.96484375,34058.91015625,-390.43996848663664,-17.45795481249661,Downtrend
08-05-2022 18:00,34071.0,34572.89453125,33932.23828125,34516.59375,-312.0801613959411,-55.24070493000181,Downtrend
08-05-2022 19:00,34514.7734375,34672.2734375,34513.02734375,34589.09765625,-237.64537431675853,-51.92626263420243,Downtrend
08-05-2022 20:00,34593.2265625,34600.48046875,34300.46484375,34309.77734375,-251.70873987005325,-20.202854185801698,Downtrend
08-05-2022 21:00,34296.3203125,34461.84765625,34286.6953125,34459.99609375,-216.43428211267747,0.0,Downtrend
08-05-2022 22:00,34461.640625,34461.640625,34152.12109375,34298.51171875,-226.73535617608286,-47.59851562500262,Downtrend
08-05-2022 23:00,34295.76953125,34295.76953125,33979.34375,34026.7421875,-290.45778587143286,-44.74260468749708,Downtrend
09-05-2022 00:00,34060.015625,34191.234375,34039.796875,34163.02734375,-287.2238082989061,-42.058048406252055,Downtrend
09-05-2022 01:00,34162.78125,34222.07421875,34083.22265625,34088.24609375,-293.9599985472523,-39.53456550187548,Downtrend
09-05-2022 02:00,34087.44921875,34087.44921875,33393.61328125,33422.03515625,-447.31268576697767,-37.162491571762075,Downtrend
09-05-2022 03:00,33428.98828125,33771.390625,33428.98828125,33611.7734375,-480.43494805373484,-85.40511443660944,Downtrend
09-05-2022 04:00,33602.9375,33797.05859375,33554.0703125,33669.26953125,-471.47200622102537,-78.5727052816801,Downtrend
09-05-2022 05:00,33672.86328125,33716.31640625,33511.34765625,33527.7109375,-484.80284914427466,-72.28688885914744,Downtrend
09-05-2022 06:00,33525.33984375,33568.24609375,33407.70703125,33557.9375,-470.25630779974745,-66.50393775041448,Downtrend
09-05-2022 07:00,33563.56640625,33710.484375,33549.45703125,33559.95703125,-446.0725910467081,-61.183622730379284,Downtrend
09-05-2022 08:00,33553.19140625,33630.28515625,33247.55078125,33623.9453125,-402.0892475949804,-56.288932911949814,Downtrend
09-05-2022 09:00,33639.11328125,33709.921875,33472.19140625,33478.03125,-397.5363172956859,-79.33852284874592,Downtrend
09-05-2022 10:00,33477.58984375,33518.58203125,32834.953125,32834.953125,-535.2837441057709,-71.40467056386842,Downtrend
09-05-2022 11:00,32856.25,33103.40625,32813.30859375,33097.5625,-538.8503172100827,-126.62876295897877,Downtrend
09-05-2022 12:00,33108.6875,33114.06640625,32932.375,32960.546875,-556.5179921076051,-133.03576434621937,Downtrend
09-05-2022 13:00,32950.87109375,33312.8046875,32778.8671875,33015.81640625,-536.348034855866,-114.41075733774778,Downtrend
09-05-2022 14:00,33038.50390625,33062.78515625,32593.544921875,32593.544921875,-607.6959367661402,-117.96005506909569,Downtrend
09-05-2022 15:00,32590.642578125,32656.9140625,32185.0703125,32368.76171875,-684.9590549555542,-85.35278911277419,Downtrend
09-05-2022 16:00,32356.78515625,32529.70703125,31715.830078125,31750.67578125,-856.9807921585198,-225.546875,Downtrend
09-05-2022 17:00,31777.720703125,31841.767578125,31277.314453125,31449.513671875,-1005.2394599366235,-274.28554687499854,Downtrend
09-05-2022 18:00,31433.27734375,31453.02734375,30556.705078125,30969.93359375,-1176.938692120264,-283.26523437500146,Downtrend
09-05-2022 19:00,30924.197265625,30924.197265625,30516.072265625,30880.02734375,-1264.5464252748352,-394.6003906250007,Downtrend
09-05-2022 20:00,30896.8359375,31781.4609375,30853.384765625,31177.9921875,-1206.3008435775992,-323.8068749999984,Downtrend
09-05-2022 21:00,31158.87890625,31456.41015625,31010.033203125,31048.416015625,-1163.724792569261,-29.838828125000873,Downtrend
09-05-2022 22:00,31032.59765625,31274.435546875,30822.6171875,31153.958984375,-1075.9710774152081,0.0,Downtrend
09-05-2022 23:00,31148.8046875,31205.888671875,30328.443359375,30328.443359375,-1185.433792404343,-253.07773437500146,Downtrend
10-05-2022 00:00,30273.654296875,30729.65234375,29944.802734375,30574.744140625,-1155.1830601190813,-239.9879687499997,Downtrend
10-05-2022 01:00,30593.005859375,31278.740234375,30593.005859375,31006.6328125,-997.4334724174441,-1343.5924999999988,Downtrend
10-05-2022 02:00,30985.236328125,31342.458984375,30856.107421875,31129.55859375,-841.3503296198724,0.0,Downtrend
10-05-2022 03:00,31119.958984375,31119.958984375,30729.46875,30755.751953125,-809.4969887282459,55.90625,Downtrend
10-05-2022 04:00,30740.20703125,31236.1796875,30686.078125,31236.1796875,-650.197989570097,53.669999999998254,Downtrend
10-05-2022 05:00,31222.73828125,31914.58984375,31222.73828125,31826.623046875,-392.88992071653047,51.52319999999963,Downtrend
10-05-2022 06:00,31819.39453125,32596.30859375,31819.39453125,32213.005859375,-133.21962475829787,108.52125956250165,Downtrend
10-05-2022 07:00,32206.255859375,32208.775390625,31775.607421875,31775.607421875,-76.50638771973536,190.5508119849983,Downtrend
10-05-2022 08:00,31766.115234375,31929.216796875,31648.099609375,31800.7265625,-33.888881493068766,175.30674702619945,Downtrend
10-05-2022 09:00,31802.435546875,31886.744140625,31472.3359375,31472.3359375,-85.29549062641308,161.2822072641029,Downtrend
10-05-2022 10:00,31478.724609375,31531.689453125,31388.73046875,31390.9453125,-132.97357857584575,148.3796306829754,Downtrend
10-05-2022 11:00,31388.57421875,31755.986328125,31349.265625,31666.185546875,-91.9770177711107,136.50926022833664,Downtrend
10-05-2022 12:00,31664.0625,32186.146484375,31585.0390625,32183.595703125,58.86386619511177,125.58851941007015,Uptrend
10-05-2022 13:00,32181.10546875,32242.150390625,31661.65234375,31798.50390625,56.290039293548034,115.5414378572641,Uptrend
10-05-2022 14:00,31808.7265625,32050.646484375,31041.962890625,31130.8046875,-106.02541756513165,1328.7265353585535,Downtrend
10-05-2022 15:00,31106.41796875,31453.908203125,30996.416015625,31282.61328125,-164.4191892992494,-31.0869140625,Downtrend
10-05-2022 16:00,31294.951171875,31390.7265625,31103.25390625,31200.587890625,-213.95102750040678,-62.752226562501164,Downtrend
10-05-2022 17:00,31190.548828125,31760.080078125,31190.548828125,31668.078125,-125.7280795800616,-60.24213750000126,Downtrend
10-05-2022 18:00,31667.13671875,31747.68359375,31506.1953125,31631.3671875,-77.26356977635805,-57.83245199999874,Downtrend
10-05-2022 19:00,31619.544921875,31651.44140625,31291.111328125,31388.423828125,-103.42185356257323,-55.519153919998644,Downtrend
10-05-2022 20:00,31392.576171875,31392.576171875,30997.859375,31002.318359375,-207.84650607052754,-53.29838776319957,Downtrend
10-05-2022 21:00,30998.126953125,31113.79296875,30384.548828125,30384.548828125,-411.3224862595962,-51.16645225267348,Downtrend
10-05-2022 22:00,30382.63671875,30848.734375,30320.798828125,30848.734375,-410.4758048554759,-110.39172249384865,Downtrend
10-05-2022 23:00,30812.994140625,31177.826171875,30773.228515625,31010.990234375,-358.3017827333679,-143.45762552562155,Downtrend
11-05-2022 00:00,31016.18359375,31304.05078125,30872.2890625,31096.6875,-295.05296701143743,-131.98101548357226,Downtrend
11-05-2022 01:00,31094.96484375,31094.96484375,30804.58203125,30860.91015625,-303.6735896272112,-121.42253424488808,Downtrend
11-05-2022 02:00,30844.251953125,31438.876953125,30719.361328125,31417.984375,-166.59618008586403,-111.70873150529587,Downtrend
11-05-2022 03:00,31437.5234375,31579.220703125,31218.634765625,31240.228515625,-120.94862402049694,-1284.6504123109007,Downtrend
11-05-2022 04:00,31231.6328125,31348.888671875,31129.6640625,31237.875,-90.13589951018002,25.168437500000437,Downtrend
11-05-2022 05:00,31221.828125,31732.447265625,31114.6015625,31448.08984375,-18.63783622982737,24.6650687500005,Downtrend
11-05-2022 06:00,31458.595703125,31471.517578125,30620.966796875,30620.966796875,-171.85440172207745,54.472597249998216,Downtrend
11-05-2022 07:00,30579.18359375,30705.921875,30322.17578125,30446.466796875,-300.3626665674965,1307.3423340000008,Downtrend
11-05-2022 08:00,30455.015625,31167.39453125,30455.015625,31167.39453125,-196.6908049066369,-28.205429687499418,Downtrend
11-05-2022 09:00,31197.576171875,31657.888671875,31129.681640625,31657.888671875,-11.130099155830976,-27.641321093749866,Downtrend
11-05-2022 10:00,31668.4609375,32013.40234375,31610.572265625,31886.1875,155.50560622063495,-1354.4247335937507,Uptrend
11-05-2022 11:00,31868.296875,31868.296875,31502.126953125,31502.126953125,159.63635842284566,33.82453125000029,Uptrend
11-05-2022 12:00,31500.94140625,31692.171875,29367.916015625,29367.916015625,-351.0853589686085,1657.4020312499997,Downtrend
11-05-2022 13:00,29382.705078125,31311.060546875,29323.23046875,31028.9140625,-252.5184357910366,-52.90972656249869,Downtrend
11-05-2022 14:00,31004.783203125,31724.62109375,30852.79296875,31540.064453125,-63.34643877984854,-105.4904859374983,Downtrend
11-05-2022 15:00,31600.720703125,31708.662109375,30888.966796875,30916.451171875,-95.71104917294724,-101.2708664999991,Downtrend
11-05-2022 16:00,30951.1015625,31068.64453125,30277.509765625,30277.509765625,-264.32302044821336,-29.110171000003902,Downtrend
11-05-2022 17:00,30336.630859375,30336.630859375,29570.349609375,29832.3984375,-463.6131599631117,-15.958984375,Downtrend
11-05-2022 18:00,29838.40234375,30154.96875,29813.322265625,29858.328125,-562.9282975685092,-95.41726562500116,Downtrend
11-05-2022 19:00,29887.736328125,29956.939453125,29296.986328125,29387.359375,-717.0973433441941,-91.60057500000039,Downtrend
11-05-2022 20:00,29378.609375,29480.75390625,28494.85546875,28500.80078125,-998.408580789237,-133.47947643750013,Downtrend
11-05-2022 21:00,28506.791015625,29068.12109375,28170.412109375,28903.681640625,-1040.4688501655546,-231.46474588500132,Downtrend
11-05-2022 22:00,28952.107421875,29141.181640625,28594.466796875,28876.376953125,-1039.3088953793485,-298.62879370525116,Downtrend
11-05-2022 23:00,28878.71875,28963.2421875,28670.60546875,28912.046875,-997.1224683831679,-268.76591433472277,Downtrend
12-05-2022 00:00,28936.734375,30032.439453125,28936.734375,29905.279296875,-703.5380955141773,-241.88932290125376,Downtrend
12-05-2022 01:00,29896.833984375,29927.671875,29286.462890625,29286.462890625,-651.4581547792586,-217.70039061112766,Downtrend
12-05-2022 02:00,29260.1015625,29314.30078125,28779.615234375,28801.76171875,-714.7686868529017,-97.27617175014166,Downtrend
12-05-2022 03:00,28793.291015625,28881.958984375,28425.4296875,28425.4296875,-819.8677870726278,-104.767578125,Downtrend
12-05-2022 04:00,28433.470703125,28433.470703125,27382.326171875,27638.755859375,-1044.5366387564281,-175.72597656249854,Downtrend
12-05-2022 05:00,27653.6953125,27693.544921875,26766.7890625,26782.150390625,-1350.8449739583557,-284.35436718750134,Downtrend
12-05-2022 06:00,26818.333984375,27470.744140625,26759.84765625,26759.84765625,-1498.0285899167939,-378.11234562499885,Downtrend
12-05-2022 07:00,26751.498046875,28216.359375,26350.490234375,27966.919921875,-1251.8513874122254,-372.7410447000002,Downtrend
12-05-2022 08:00,27938.609375,27984.880859375,27352.44921875,27804.671875,-1102.2527244459852,-425.92462317899844,Downtrend
12-05-2022 09:00,27800.017578125,28130.42578125,27696.44140625,27798.595703125,-978.4731678827447,-74.45414274600262,Downtrend
12-05-2022 10:00,27810.220703125,28517.423828125,27608.849609375,28413.841796875,-726.262677542767,-1865.869140625,Downtrend
12-05-2022 11:00,28429.80078125,28955.552734375,28288.681640625,28310.15234375,-575.7677221280101,43.33867187500073,Downtrend
12-05-2022 12:00,28330.6875,28488.34375,27958.2265625,28411.1875,-442.6586571475855,102.46895312500055,Downtrend
12-05-2022 13:00,28411.00390625,28595.55078125,27949.6015625,28207.548828125,-396.8033919820882,98.37019499999951,Downtrend
12-05-2022 14:00,28169.794921875,29400.7421875,28019.8203125,29400.7421875,-72.45407053957751,94.43538719999924,Downtrend
12-05-2022 15:00,29408.537109375,29649.58203125,29085.171875,29085.171875,50.34954324446153,162.69832475549993,Uptrend
12-05-2022 16:00,29067.603515625,29761.673828125,28962.896484375,29695.546875,268.15054701120243,223.82242119355942,Uptrend
12-05-2022 17:00,29668.107421875,29680.96875,28662.541015625,28670.439453125,146.93666956658126,268.60496406009406,Uptrend
12-05-2022 18:00,28666.5625,28707.81640625,28213.314453125,28267.072265625,-26.880925584671786,241.74446765408356,Downtrend
12-05-2022 19:00,28276.91015625,28710.650390625,28276.91015625,28682.978515625,-31.844624228768225,217.5700208886774,Downtrend
12-05-2022 20:00,28687.6015625,28800.52734375,28519.837890625,28614.220703125,-50.198568475090724,195.81301879980674,Downtrend
12-05-2022 21:00,28613.802734375,28613.802734375,28031.779296875,28399.220703125,-110.8660723546127,1762.3171691982789,Downtrend
12-05-2022 22:00,28400.669921875,28645.552734375,28369.6484375,28596.6953125,-96.92184794330387,-34.5978906249984,Downtrend
12-05-2022 23:00,28636.87109375,29181.05859375,28636.87109375,29063.31640625,25.666098560923274,-33.905932812500396,Uptrend
13-05-2022 00:00,29030.91015625,29428.41015625,28782.330078125,29428.41015625,185.72032110122018,-33.227814156249224,Uptrend
13-05-2022 01:00,29442.822265625,29602.939453125,29260.662109375,29475.982421875,287.6918099695358,-32.5632578731238,Uptrend
13-05-2022 02:00,29470.33203125,30023.140625,29438.6875,29979.68359375,459.99419941686574,-1595.5996357831282,Uptrend
13-05-2022 03:00,29997.8203125,30628.19140625,29997.8203125,30628.19140625,703.726256363927,39.827226562498254,Uptrend
13-05-2022 04:00,30595.001953125,30595.001953125,30308.48828125,30442.2265625,784.1213832688554,102.2633953125005,Uptrend
13-05-2022 05:00,30437.140625,30921.2734375,30402.0859375,30585.189453125,841.7597231930558,98.1728594999986,Uptrend
13-05-2022 06:00,30564.626953125,30598.265625,30383.83203125,30383.83203125,801.860931805888,158.95383955500074,Uptrend
13-05-2022 07:00,30391.279296875,30396.634765625,30210.046875,30210.046875,710.961673392012,149.41660918169873,Uptrend
13-05-2022 08:00,30208.259765625,30371.984375,30172.748046875,30295.466796875,653.9014140525469,140.45161263079717,Uptrend
13-05-2022 09:00,30311.125,30665.77734375,30311.125,30418.2890625,627.9687362965196,132.02451587294854,Uptrend
13-05-2022 10:00,30425.9609375,30473.81640625,30207.30859375,30473.81640625,605.6120843747412,124.10304492057185,Uptrend
13-05-2022 11:00,30463.71875,30626.30078125,30299.6875,30626.30078125,609.2071428385971,116.65686222533986,Uptrend
13-05-2022 12:00,30620.74609375,30744.67578125,30482.59375,30679.6875,604.7468050163625,109.65745049181714,Uptrend
13-05-2022 13:00,30687.013671875,30746.068359375,30434.6953125,30746.068359375,598.6630977679088,103.07800346230943,Uptrend
13-05-2022 14:00,30738.625,30924.802734375,30659.078125,30759.517578125,579.1905772960527,96.89332325457144,Uptrend
13-05-2022 15:00,30756.1015625,30756.1015625,30324.46875,30335.58203125,448.12121006354937,121.72197556239553,Uptrend
13-05-2022 16:00,30337.330078125,30464.466796875,29871.814453125,29954.341796875,264.06594195899015,111.98421751740534,Uptrend
13-05-2022 17:00,29948.38671875,30175.650390625,29712.138671875,29712.138671875,86.99802216706303,1287.8185014501469,Uptrend
13-05-2022 18:00,29693.255859375,30085.6328125,29475.90234375,30085.6328125,66.36048427734568,-24.253281249999418,Uptrend
13-05-2022 19:00,30079.9765625,30100.427734375,29959.9375,30030.515625,38.68262362871246,-56.98588437500075,Uptrend
13-05-2022 20:00,30035.591796875,30055.470703125,29818.837890625,29819.16796875,-29.56084931820078,-54.70644900000116,Downtrend
13-05-2022 21:00,29815.677734375,30031.259765625,29782.142578125,30020.28125,-21.90102478798144,-52.51819103999878,Downtrend
13-05-2022 22:00,30020.740234375,30085.546875,29813.44140625,29817.03125,-64.97839968125118,-50.41746339840029,Downtrend
13-05-2022 23:00,29805.9140625,29825.5625,29226.451171875,29292.724609375,-213.73368628373646,-48.40076486246471,Downtrend
14-05-2022 00:00,29285.642578125,29516.82421875,29242.5703125,29484.294921875,-251.06192169369024,-84.66417171444846,Downtrend
14-05-2022 01:00,29481.333984375,29732.322265625,29404.4375,29682.912109375,-218.31733899036772,-79.58432141158119,Downtrend
14-05-2022 02:00,29684.935546875,29689.88671875,29540.328125,29540.328125,-225.5844968462079,-74.80926212688792,Downtrend
14-05-2022 03:00,29536.330078125,29603.3671875,29490.421875,29519.671875,-227.72460406572645,-70.32070639927406,Downtrend
14-05-2022 04:00,29529.947265625,29551.185546875,29234.421875,29252.873046875,-285.3096403845375,-66.10146401531529,Downtrend
14-05-2022 05:00,29265.4375,29467.087890625,29265.4375,29438.333984375,-266.82865684240824,-62.135376174399426,Downtrend
14-05-2022 06:00,29439.876953125,29547.5234375,29376.619140625,29496.37890625,-233.39042642318964,-58.407253603934805,Downtrend
14-05-2022 07:00,29489.3203125,29522.8203125,29406.55078125,29406.55078125,-227.1997639822912,-54.90281838769806,Downtrend
14-05-2022 08:00,29406.8984375,29525.873046875,29366.201171875,29525.873046875,-187.8429594569934,-51.60864928443698,Downtrend
14-05-2022 09:00,29521.1640625,29538.154296875,29377.751953125,29393.482421875,-189.66224333198625,-48.51213032736996,Downtrend
14-05-2022 10:00,29411.458984375,29448.9609375,29255.708984375,29262.01171875,-216.0411139265998,-45.60140250772747,Downtrend
14-05-2022 11:00,29273.685546875,29316.130859375,28860.791015625,29052.607421875,-274.9518965911593,-42.86531835726419,Downtrend
14-05-2022 12:00,29031.044921875,29160.294921875,28974.953125,29071.865234375,-297.1715594573652,-82.97734484110333,Downtrend
14-05-2022 13:00,29064.525390625,29093.451171875,28841.64453125,28864.546875,-350.5013921657155,-76.33915725381667,Downtrend
14-05-2022 14:00,28851.259765625,28903.38671875,28717.81640625,28855.5078125,-373.69372226231644,-89.70467927938807,Downtrend
14-05-2022 15:00,28868.140625,29006.921875,28786.052734375,28796.248046875,-389.92892200074857,-111.74042862173883,Downtrend
14-05-2022 16:00,28796.609375,29473.998046875,28702.91015625,29378.89453125,-248.61753280128687,-834.3360598927502,Downtrend
14-05-2022 17:00,29364.845703125,29507.26171875,29274.783203125,29494.62109375,-127.93552815553994,0.0,Downtrend
14-05-2022 18:00,29505.630859375,29820.47265625,29505.630859375,29530.1875,-42.61357059047077,0.0,Downtrend
14-05-2022 19:00,29515.73046875,29554.73828125,29309.373046875,29341.044921875,-34.83066810192031,67.05374999999913,Downtrend
14-05-2022 20:00,29342.16015625,29539.37890625,29328.826171875,29351.884765625,-26.449568307973095,63.030524999998306,Downtrend
14-05-2022 21:00,29352.2578125,29748.921875,29352.2578125,29697.513671875,61.737963795774704,59.24869350000154,Uptrend
14-05-2022 22:00,29690.609375,30155.384765625,29588.423828125,30155.384765625,221.9874352021361,55.69377189000079,Uptrend
14-05-2022 23:00,30157.41015625,30192.802734375,29955.23046875,30129.1875,305.3611821650302,96.59582951879929,Uptrend
15-05-2022 00:00,30098.5859375,30168.94140625,29940.748046875,29941.38671875,301.2416313953472,114.82700082162046,Uptrend
15-05-2022 01:00,29939.037109375,29947.712890625,29827.138671875,29938.69140625,288.55185552965486,103.34430073945623,Uptrend
15-05-2022 02:00,29925.47265625,30002.42578125,29748.603515625,29820.52734375,243.6030280462328,93.0098706655117,Uptrend
15-05-2022 03:00,29817.0390625,29839.376953125,29608.455078125,29696.6328125,179.25890948730375,83.7088835989598,Uptrend
15-05-2022 04:00,29696.666015625,29755.912109375,29567.00390625,29609.8984375,114.10637061089437,75.33799523906418,Uptrend
15-05-2022 05:00,29608.99609375,29793.615234375,29527.740234375,29781.099609375,111.94777314422026,678.0419571515886,Uptrend
15-05-2022 06:00,29774.130859375,29863.056640625,29728.8671875,29863.056640625,126.60544328275864,-13.301250000000437,Uptrend
15-05-2022 07:00,29869.61328125,29949.43359375,29802.869140625,29805.578125,117.74199636726553,-13.035224999999627,Uptrend
15-05-2022 08:00,29805.94921875,29835.734375,29588.943359375,29606.15234375,61.17562026768792,-12.774520499999198,Uptrend
15-05-2022 09:00,29590.353515625,29740.037109375,29559.185546875,29733.865234375,55.52196672889113,-12.519030089999433,Uptrend
15-05-2022 10:00,29736.947265625,29826.611328125,29599.123046875,29826.611328125,72.43162765457237,-12.268649488200026,Uptrend
15-05-2022 11:00,29834.669921875,30231.62109375,29817.2109375,30181.71875,164.88107508301255,-601.1638249218013,Uptrend
15-05-2022 12:00,30178.6015625,30446.322265625,30178.6015625,30269.876953125,236.39996236856678,14.077617187500437,Uptrend
15-05-2022 13:00,30278.84765625,30333.990234375,30122.619140625,30156.900390625,245.13439656878472,36.18017656249867,Uptrend
15-05-2022 14:00,30156.029296875,30159.73046875,29851.748046875,29924.376953125,187.25801790165497,34.73296950000076,Uptrend
15-05-2022 15:00,29933.392578125,30095.12890625,29878.5546875,29931.7421875,148.1573844170598,33.34365071999855,Uptrend
15-05-2022 16:00,29938.224609375,30212.501953125,29938.224609375,30188.3515625,180.96693654009505,32.00990469120006,Uptrend
15-05-2022 17:00,30183.720703125,30234.802734375,29997.287109375,30005.814453125,151.55062649200408,30.729508503551187,Uptrend
15-05-2022 18:00,30006.72265625,30309.662109375,29961.400390625,30270.212890625,191.94833328071036,29.500328163408994,Uptrend
15-05-2022 19:00,30268.70703125,30387.134765625,30198.154296875,30387.134765625,238.0601478268909,28.3203150368754,Uptrend
15-05-2022 20:00,30399.626953125,30996.484375,30363.90625,30979.994140625,399.47315230468666,27.18750243539762,Uptrend
15-05-2022 21:00,30999.408203125,31049.2578125,30877.177734375,31043.873046875,499.3609532459086,72.15973006947388,Uptrend
15-05-2022 22:00,31035.16015625,31266.232421875,31035.16015625,31093.5703125,555.5906915578053,94.66207002040755,Uptrend
15-05-2022 23:00,31087.390625,31308.19140625,31048.1484375,31308.19140625,622.9695023353706,130.55884146097014,Uptrend
16-05-2022 00:00,31304.375,31305.341796875,31046.259765625,31060.865234375,584.9466964107924,146.03862690284586,Uptrend
16-05-2022 01:00,31069.189453125,31097.66015625,30732.6640625,30743.236328125,467.8166390821352,128.5139916745029,Uptrend
16-05-2022 02:00,30745.744140625,30757.466796875,30405.509765625,30472.552734375,317.8669666550959,942.435938946368,Uptrend
16-05-2022 03:00,30476.4921875,30482.537109375,30246.97265625,30301.228515625,176.5386370235501,-18.053632812501746,Uptrend
16-05-2022 04:00,30307.42578125,30388.248046875,30224.353515625,30340.087890625,94.94080884821597,-41.726604687501094,Uptrend
16-05-2022 05:00,30343.677734375,30431.166015625,30292.326171875,30298.681640625,32.85044633457801,-61.443459187499684,Uptrend
16-05-2022 06:00,30297.455078125,30297.455078125,29481.95703125,29537.505859375,-186.8760836168076,-57.75685163624803,Downtrend
16-05-2022 07:00,29536.78125,29629.919921875,29412.576171875,29562.912109375,-307.427864901234,-131.7803061341001,Downtrend
16-05-2022 08:00,29566.158203125,29809.24609375,29566.158203125,29783.537109375,-317.8522610759319,-158.48543799171603,Downtrend
16-05-2022 09:00,29784.111328125,29784.111328125,29522.18359375,29663.8359375,-342.54972314913175,-142.63689419254297,Downtrend
16-05-2022 10:00,29649.130859375,30113.357421875,29527.0546875,30104.53515625,-241.64362523219825,-128.3732047732883,Downtrend
16-05-2022 11:00,30110.25,30123.58203125,29954.171875,29958.734375,-207.82287519159945,-115.5358842959613,Downtrend
16-05-2022 12:00,29957.16015625,30115.6796875,29640.0390625,29886.443359375,-198.03765269079304,-103.98229586636444,Downtrend
16-05-2022 13:00,29889.97265625,30022.361328125,29598.99609375,29602.3046875,-253.50061011480284,-93.58406627972727,Downtrend
16-05-2022 14:00,29595.19140625,29776.8984375,29530.60546875,29558.099609375,-289.43183763476554,-84.22565965175454,Downtrend
16-05-2022 15:00,29527.046875,29673.4921875,29423.486328125,29665.94140625,-276.23971092626016,-75.80309368657981,Downtrend
16-05-2022 16:00,29661.66796875,29671.73046875,29251.884765625,29259.51171875,-356.28201371553587,-68.22278431792074,Downtrend
16-05-2022 17:00,29272.197265625,29720.53125,29272.197265625,29697.931640625,-288.86526213515754,-92.96357581335542,Downtrend
16-05-2022 18:00,29697.478515625,29922.326171875,29686.041015625,29883.8203125,-194.77165638199222,-681.7328892979385,Downtrend
16-05-2022 19:00,29889.603515625,29914.603515625,29596.2890625,29597.875,-199.91577314573078,13.408828125000582,Downtrend
16-05-2022 20:00,29603.017578125,29850.4296875,29577.205078125,29850.4296875,-136.53997280018666,13.140651562498533,Downtrend
16-05-2022 21:00,29857.029296875,30128.53515625,29857.029296875,30078.857421875,-39.591141461201914,12.877838531250745,Downtrend
16-05-2022 22:00,30091.21875,30164.79296875,29991.75390625,29991.75390625,-0.5961392480458017,33.48892289624928,Downtrend
16-05-2022 23:00,29995.181640625,30046.51953125,29860.783203125,29878.70703125,-3.97234182588727,50.39951772060158,Downtrend
17-05-2022 00:00,29862.408203125,30148.677734375,29844.75390625,30127.849609375,53.43698607202896,47.375546657363884,Uptrend
17-05-2022 01:00,30135.078125,30137.91015625,29863.76171875,29971.345703125,49.105587567693874,44.533013857922924,Uptrend
17-05-2022 02:00,29972.611328125,30065.94921875,29923.83203125,30000.921875,51.97603613634419,41.86103302644551,Uptrend
17-05-2022 03:00,30001.818359375,30412.259765625,30001.818359375,30366.6484375,139.1351378956424,39.34937104486016,Uptrend
17-05-2022 04:00,30358.189453125,30373.5234375,30246.517578125,30355.078125,184.535469698214,69.11522212622367,Uptrend
17-05-2022 05:00,30357.88671875,30429.65234375,30284.86328125,30429.65234375,223.81729430696578,63.58600435612607,Uptrend
17-05-2022 06:00,30441.318359375,30480.671875,30352.423828125,30475.1171875,251.23074514456312,74.86316282204643,Uptrend
17-05-2022 07:00,30480.4765625,30494.046875,30341.4921875,30387.46875,238.92158766899956,86.97455959780928,Uptrend
17-05-2022 08:00,30387.767578125,30665.08984375,30383.4453125,30595.265625,273.3876506148845,91.16638118708579,Uptrend
17-05-2022 09:00,30591.830078125,30678.67578125,30572.76953125,30605.197265625,287.8624077591521,116.97040393816133,Uptrend
17-05-2022 10:00,30607.787109375,30616.990234375,30476.833984375,30486.146484375,259.1093004133363,112.98250047156398,Uptrend
17-05-2022 11:00,30484.01171875,30491.009765625,30315.203125,30364.896484375,204.67141660432753,92.64565038668297,Uptrend
17-05-2022 12:00,30357.955078125,30578.4765625,30305.09375,30520.646484375,202.42169568447207,422.0524073171073,Uptrend
17-05-2022 13:00,30535.779296875,30694.490234375,30444.455078125,30568.080078125,205.93234838171702,-373.58203125,Uptrend
17-05-2022 14:00,30553.84765625,30553.84765625,29993.421875,30055.19140625,79.39599961357453,389.396484375,Uptrend
17-05-2022 15:00,30062.029296875,30175.783203125,29987.6953125,30112.439453125,14.182467085138342,0.0,Uptrend
17-05-2022 16:00,30117.689453125,30157.412109375,29950.890625,30149.791015625,-16.70968740297394,-28.27179687500029,Downtrend
17-05-2022 17:00,30147.55859375,30214.990234375,30110.65625,30147.666015625,-35.318536541741196,-42.91966875000071,Downtrend
17-05-2022 18:00,30141.7734375,30150.8828125,29570.302734375,29780.103515625,-132.93657930665358,-40.34448862499994,Downtrend
17-05-2022 19:00,29786.201171875,30259.1484375,29786.201171875,30125.810546875,-105.28589673051829,-81.0121236599989,Downtrend
17-05-2022 20:00,30108.658203125,30181.630859375,30065.0234375,30116.8046875,-87.40955005227806,-74.5311537671987,Downtrend
17-05-2022 21:00,30111.75390625,30531.94140625,30096.482421875,30520.994140625,22.38349868982914,-857.1082683228015,Uptrend
17-05-2022 22:00,30516.306640625,30541.662109375,30289.623046875,30326.908203125,41.68635253618413,19.232773437499418,Uptrend
17-05-2022 23:00,30329.26953125,30519.078125,30329.26953125,30425.6875,75.52484768244176,38.08506406249944,Uptrend
18-05-2022 00:00,30424.478515625,30618.716796875,30424.478515625,30508.119140625,113.16433545336258,36.5616614999999,Uptrend
18-05-2022 01:00,30504.830078125,30504.830078125,30198.701171875,30198.701171875,58.60405502698268,57.27207380999971,Uptrend
18-05-2022 02:00,30174.623046875,30203.056640625,30137.046875,30200.1171875,24.171379917755985,53.83574938140009,Uptrend
18-05-2022 03:00,30202.626953125,30202.626953125,29806.240234375,29806.240234375,-91.14510755623269,843.4267403086014,Downtrend
18-05-2022 04:00,29814.248046875,29874.8359375,29780.771484375,29829.47265625,-152.27605963200767,-16.249531249999563,Downtrend
18-05-2022 05:00,29826.033203125,30013.1953125,29811.337890625,29997.9140625,-144.20944004257035,-32.86783125000147,Downtrend
18-05-2022 06:00,30003.427734375,30054.61328125,29786.88671875,29786.88671875,-185.01038816584696,-31.553117999999813,Downtrend
18-05-2022 07:00,29784.169921875,29860.083984375,29737.57421875,29860.083984375,-186.31921781628625,-30.290993279999384,Downtrend
18-05-2022 08:00,29868.677734375,29908.021484375,29766.435546875,29848.974609375,-183.83886410333798,-46.21086626069882,Downtrend
18-05-2022 09:00,29852.814453125,29948.99609375,29793.697265625,29919.140625,-159.80042912438876,-43.438214285059075,Downtrend
18-05-2022 10:00,29917.369140625,30016.177734375,29900.69921875,29934.701171875,-136.52313403591688,-40.83192142795451,Downtrend
18-05-2022 11:00,29939.869140625,29946.015625,29773.255859375,29824.01953125,-144.50156463815802,-38.38200614227753,Downtrend
18-05-2022 12:00,29816.544921875,29871.76171875,29568.74609375,29568.74609375,-205.50598997321868,-36.0790857737411,Downtrend
18-05-2022 13:00,29575.74609375,29602.462890625,29359.7265625,29373.580078125,-282.2464092932314,-58.72537083642237,Downtrend
18-05-2022 14:00,29383.97265625,29463.25,29142.9765625,29210.044921875,-358.5110197586946,-88.43612958688391,Downtrend
18-05-2022 15:00,29205.294921875,29213.04296875,28958.7265625,28982.306640625,-447.3539939955226,-121.52101995383418,Downtrend
18-05-2022 16:00,28982.427734375,29159.673828125,28804.171875,29139.412109375,-449.33404164247986,-150.55658048593978,Downtrend
18-05-2022 17:00,29144.162109375,29176.07421875,28965.677734375,28973.041015625,-475.875948524219,-172.70436053474987,Downtrend
18-05-2022 18:00,28968.095703125,29178.796875,28934.974609375,29156.896484375,-433.0030680989439,-145.07166284919003,Downtrend
18-05-2022 19:00,29158.951171875,29421.08203125,29158.951171875,29311.51171875,-356.5839552738107,-121.86019679332094,Downtrend
18-05-2022 20:00,29306.939453125,29306.939453125,29029.39453125,29188.767578125,-328.39455704321153,-22.85587691492765,Downtrend
18-05-2022 21:00,29185.314453125,29285.625,29135.69140625,29136.439453125,-313.4252812995728,0.0,Downtrend
18-05-2022 22:00,29142.451171875,29333.349609375,28968.28125,28978.6796875,-332.0080343712798,-616.91015625,Downtrend
18-05-2022 23:00,28981.37109375,29077.796875,28734.208984375,28734.208984375,-390.8840517499666,529.177734375,Downtrend
19-05-2022 00:00,28720.359375,28981.759765625,28715.70703125,28895.10546875,-375.67886589703267,0.0,Downtrend
19-05-2022 01:00,28888.263671875,29003.515625,28779.435546875,28779.435546875,-382.1216283401991,-24.705703125000582,Downtrend
19-05-2022 02:00,28772.408203125,29157.658203125,28708.955078125,29082.814453125,-301.64382075940375,-23.717475000001286,Downtrend
19-05-2022 03:00,29145.005859375,29248.712890625,29109.47265625,29191.521484375,-217.64303030957672,-34.55828118749923,Downtrend
19-05-2022 04:00,29191.943359375,29263.44921875,29106.248046875,29106.248046875,-180.36978371889927,-541.4130719374989,Downtrend
19-05-2022 05:00,29097.986328125,29153.109375,29034.4453125,29061.37890625,-162.84461183781605,11.089882812499127,Downtrend
19-05-2022 06:00,29060.107421875,29337.705078125,29057.767578125,29336.279296875,-81.65172906747102,10.868085156249435,Downtrend
19-05-2022 07:00,29323.255859375,29323.255859375,29125.0390625,29170.791015625,-69.48809756496121,24.271681281250494,Downtrend
19-05-2022 08:00,29173.314453125,29195.5703125,29010.501953125,29010.501953125,-98.10939510900062,23.300814030000765,Downtrend
19-05-2022 09:00,29009.04296875,29018.978515625,28872.361328125,28982.986328125,-118.80979021147141,22.36878146879826,Downtrend
19-05-2022 10:00,28981.1875,29207.103515625,28965.2578125,29188.060546875,-78.69680850069199,21.474030210047204,Downtrend
19-05-2022 11:00,29191.865234375,29471.75,29116.7265625,29471.75,15.541742592737137,20.6150690016475,Uptrend
19-05-2022 12:00,29475.033203125,29538.5859375,29393.423828125,29495.697265625,77.59238450924386,37.728394674872106,Uptrend
19-05-2022 13:00,29490.419921875,29702.78125,29389.44140625,29533.025390625,121.44415433160248,52.63312965917066,Uptrend
19-05-2022 14:00,29499.18359375,29845.0,29499.18359375,29807.240234375,209.32830672583077,76.94763035804499,Uptrend
19-05-2022 15:00,29811.720703125,30430.751953125,29802.80859375,30317.662109375,377.2214702580386,100.1696907866899,Uptrend
19-05-2022 16:00,30322.17578125,30381.130859375,30111.927734375,30123.6328125,420.31762614030595,184.8461559785028,Uptrend
19-05-2022 17:00,30121.76953125,30192.669921875,29990.58984375,30150.26953125,439.3107920529328,158.96769414151277,Uptrend
19-05-2022 18:00,30145.826171875,30282.802734375,30140.91015625,30179.994140625,443.8979009608556,136.7122169616996,Uptrend
19-05-2022 19:00,30186.314453125,30239.37890625,29984.20703125,29992.560546875,387.9456855692588,117.57250658706107,Uptrend
19-05-2022 20:00,29991.259765625,30175.171875,29964.33984375,30175.171875,385.35988185268434,101.11235566487449,Uptrend
19-05-2022 21:00,30178.765625,30369.44140625,30178.765625,30256.0546875,390.8243561791096,86.95662587178958,Uptrend
19-05-2022 22:00,30252.40625,30252.40625,30114.166015625,30189.41015625,365.845520358409,67.75002098028926,Uptrend
19-05-2022 23:00,30182.203125,30366.15234375,30152.734375,30313.626953125,368.7402052984362,65.29769531249985,Uptrend
20-05-2022 00:00,30311.119140625,30317.765625,30150.1796875,30229.541015625,338.7597061654851,56.15601796875126,Uptrend
20-05-2022 01:00,30233.48828125,30664.9765625,30136.55859375,30450.296875,362.48287301059463,48.2941754531239,Uptrend
20-05-2022 02:00,30455.125,30463.58203125,30240.615234375,30305.7265625,330.8631889882636,2.4708612656249898,Uptrend
20-05-2022 03:00,30311.4921875,30313.91015625,30161.845703125,30165.982421875,268.01499088984565,0.0,Uptrend
20-05-2022 04:00,30165.6015625,30210.232421875,30045.275390625,30074.876953125,199.90636325858577,528.41796875,Uptrend
20-05-2022 05:00,30078.419921875,30165.162109375,30040.11328125,30162.076171875,173.2404538100891,-12.394023437500437,Uptrend
20-05-2022 06:00,30158.08203125,30160.09375,29888.515625,29956.11328125,102.61777403171072,-24.49877031250071,Uptrend
20-05-2022 07:00,29969.34375,30291.31640625,29969.34375,30253.80859375,127.64209637866588,-44.374088625001605,Uptrend
20-05-2022 08:00,30251.2421875,30310.89453125,30183.388671875,30183.388671875,121.917353970759,-41.71164330749889,Uptrend
20-05-2022 09:00,30184.455078125,30319.828125,30134.126953125,30303.75,143.2514016284258,-39.20894470905114,Uptrend
20-05-2022 10:00,30285.603515625,30340.43359375,30259.17578125,30315.9921875,154.4867003623076,-36.85640802650596,Uptrend
20-05-2022 11:00,30335.19140625,30463.294921875,30264.404296875,30453.064453125,188.99546124386325,-577.4170590819413,Uptrend
20-05-2022 12:00,30438.09765625,30438.09765625,30170.42578125,30203.994140625,144.507958124992,11.495585937500437,Uptrend
20-05-2022 13:00,30209.048828125,30365.927734375,30169.974609375,30329.77734375,143.03505355527886,11.265674218750064,Uptrend
20-05-2022 14:00,30330.48828125,30335.607421875,29544.3515625,29552.865234375,-47.373234085745935,552.0180367187495,Downtrend
20-05-2022 15:00,29535.7265625,29535.7265625,29135.484375,29157.2265625,-254.91844901134027,-18.378867187500873,Downtrend
20-05-2022 16:00,29161.037109375,29161.037109375,28835.25,28884.3515625,-436.98204058514966,-52.377267187501275,Downtrend
20-05-2022 17:00,28890.208984375,28962.3515625,28793.60546875,28956.033203125,-515.8586721606953,-93.43732725000154,Downtrend
20-05-2022 18:00,28959.982421875,29030.12890625,28838.234375,29006.892578125,-534.9492123281452,-120.43967931999941,Downtrend
20-05-2022 19:00,29000.822265625,29304.97265625,28955.28515625,29304.791015625,-458.55342723619106,-110.8045049743996,Downtrend
20-05-2022 20:00,29305.30078125,29308.294921875,29136.943359375,29158.359375,-432.78085456013287,-101.9401445764488,Downtrend
20-05-2022 21:00,29158.001953125,29274.62890625,29146.3359375,29193.595703125,-395.1068165809993,-93.78493301033086,Downtrend
20-05-2022 22:00,29193.279296875,29281.671875,29167.6875,29167.6875,-366.0083399223622,-86.28213836950454,Downtrend
20-05-2022 23:00,29169.263671875,29353.5078125,29165.896484375,29206.646484375,-327.5616167715998,-79.37956729994403,Downtrend
21-05-2022 00:00,29199.859375,29302.439453125,29168.4765625,29268.35546875,-279.28013297958023,-73.02920191594967,Downtrend
21-05-2022 01:00,29268.76953125,29278.212890625,29027.39453125,29124.96484375,-275.43255718504224,-67.18686576267282,Downtrend
21-05-2022 02:00,29126.22265625,29233.19921875,29074.615234375,29204.81640625,-245.35562969198872,-61.81191650166147,Downtrend
21-05-2022 03:00,29203.884765625,29242.314453125,29119.677734375,29242.314453125,-210.49681687857446,-56.86696318152826,Downtrend
21-05-2022 04:00,29244.060546875,29250.71484375,29208.951171875,29226.77734375,-186.48773941759282,-52.317606127006,Downtrend
21-05-2022 05:00,29231.1640625,29276.962890625,29212.505859375,29255.146484375,-159.3312706600118,-48.132197636845376,Downtrend
21-05-2022 06:00,29261.927734375,29335.734375,29224.443359375,29334.16015625,-119.08026379916919,-553.5202728237055,Downtrend
21-05-2022 07:00,29332.716796875,29494.32421875,29303.19921875,29422.978515625,-69.87432445098966,10.842578125000728,Downtrend
21-05-2022 08:00,29426.56640625,29432.494140625,29360.068359375,29365.369140625,-51.69283684570473,27.59504687500157,Downtrend
21-05-2022 09:00,29364.87109375,29364.908203125,29280.9296875,29312.73046875,-51.61819994781399,26.491245000001072,Downtrend
21-05-2022 10:00,29319.087890625,29392.150390625,29250.095703125,29288.810546875,-55.62972734637515,25.43159519999972,Downtrend
21-05-2022 11:00,29289.62890625,29291.353515625,29176.69140625,29270.2578125,-60.70067341109825,24.41433139199944,Downtrend
21-05-2022 12:00,29273.298828125,29324.69921875,29201.32421875,29259.681640625,-64.35046994700679,23.437758136318735,Downtrend
21-05-2022 13:00,29265.060546875,29351.357421875,29241.2578125,29314.564453125,-51.441726152890624,22.500247810865403,Downtrend
21-05-2022 14:00,29313.1484375,29423.4921875,29273.974609375,29387.00390625,-24.774940226583567,21.60023789843399,Downtrend
21-05-2022 15:00,29390.66796875,29523.71875,29308.978515625,29517.974609375,23.279794575442793,20.736228382495028,Uptrend
21-05-2022 16:00,29511.611328125,29588.869140625,29496.3984375,29554.869140625,60.31056127506599,31.62384074579313,Uptrend
21-05-2022 17:00,29550.546875,29558.3515625,29408.2734375,29410.27734375,46.3053399879318,44.847244984728604,Uptrend
21-05-2022 18:00,29404.18359375,29464.3359375,29395.267578125,29450.13671875,45.87806278337666,41.259465385948715,Uptrend
21-05-2022 19:00,29452.83984375,29527.4375,29422.42578125,29459.482421875,46.389060998219065,37.95870815507442,Uptrend
21-05-2022 20:00,29456.517578125,29492.171875,29386.162109375,29386.21875,27.780882141752954,34.922011502665555,Uptrend
21-05-2022 21:00,29391.42578125,29428.82421875,29344.396484375,29344.396484375,5.7172861861290585,32.12825058245289,Uptrend
21-05-2022 22:00,29343.23828125,29397.310546875,29318.98828125,29397.310546875,4.826170611748239,29.557990535857243,Uptrend
21-05-2022 23:00,29397.705078125,29483.01953125,29397.705078125,29432.4140625,12.493440474052477,27.193351292989973,Uptrend
22-05-2022 00:00,29432.47265625,29472.623046875,29393.28515625,29459.748046875,23.229617290631722,25.017883189550048,Uptrend
22-05-2022 01:00,29458.115234375,29508.5078125,29458.115234375,29486.078125,35.237024533864314,23.01645253438619,Uptrend
22-05-2022 02:00,29486.21875,29490.314453125,29367.484375,29385.322265625,17.371461606089724,21.175136331636168,Uptrend
22-05-2022 03:00,29386.642578125,29453.6796875,29341.44140625,29363.65234375,0.8844275966803252,243.51406781380138,Uptrend
22-05-2022 04:00,29367.556640625,29367.556640625,29285.767578125,29288.908203125,-26.884433624363737,-4.948554687500291,Downtrend
22-05-2022 05:00,29286.05859375,29391.84765625,29275.18359375,29362.40625,-25.280896418425982,-11.926120312498824,Downtrend
22-05-2022 06:00,29362.76171875,29406.953125,29362.76171875,29391.826171875,-16.506372056719556,-17.808652312498452,Downtrend
22-05-2022 07:00,29394.0,29416.404296875,29369.53515625,29411.005859375,-6.123197733573761,-16.7401331737492,Downtrend
22-05-2022 08:00,29418.49609375,29532.244140625,29417.0078125,29532.244140625,29.200313988596463,-262.26208638875323,Uptrend
22-05-2022 09:00,29529.703125,30041.40234375,29524.13671875,30041.40234375,170.8077086606645,5.141210937501455,Uptrend
22-05-2022 10:00,30055.505859375,30230.126953125,30055.505859375,30171.966796875,281.8860003605405,30.443101562501397,Uptrend
22-05-2022 11:00,30170.33203125,30209.59765625,29867.365234375,29867.365234375,267.41266141410233,55.16154281250056,Uptrend
22-05-2022 12:00,29880.833984375,30149.5625,29880.833984375,30149.5625,317.3832452487404,51.85185024375096,Uptrend
22-05-2022 13:00,30147.923828125,30147.923828125,29992.587890625,30003.85546875,302.7564234466554,48.7407392291243,Uptrend
22-05-2022 14:00,30009.708984375,30103.349609375,29935.966796875,29946.494140625,270.6651219030464,45.816294875377935,Uptrend
22-05-2022 15:00,29948.947265625,29955.658203125,29710.1796875,29815.26171875,211.47010554450026,43.067317182853,Uptrend
22-05-2022 16:00,29821.23828125,29910.908203125,29765.236328125,29906.453125,190.76407794190163,40.48327815188168,Uptrend
22-05-2022 17:00,29906.83984375,30090.494140625,29893.779296875,29934.8203125,178.97281774694056,38.05428146276972,Uptrend
22-05-2022 18:00,29927.29296875,30012.853515625,29869.828125,30012.853515625,184.75828638142775,35.77102457500587,Uptrend
22-05-2022 19:00,30011.212890625,30041.62890625,29912.349609375,29918.24609375,159.85701506750047,33.624763100502605,Uptrend
22-05-2022 20:00,29916.34765625,30029.111328125,29904.056640625,29934.115234375,143.54074156449497,31.607277314473322,Uptrend
22-05-2022 21:00,29933.228515625,30026.234375,29911.013671875,30009.056640625,146.9855227947628,29.71084067560514,Uptrend
22-05-2022 22:00,30006.986328125,30334.947265625,30006.986328125,30267.80859375,206.00472816040565,27.92819023507036,Uptrend
22-05-2022 23:00,30271.267578125,30425.861328125,30269.083984375,30335.59375,251.2031042131639,43.388956761285954,Uptrend
23-05-2022 00:00,30309.396484375,30366.486328125,30223.939453125,30279.681640625,257.1785080378213,58.988706525480666,Uptrend
23-05-2022 01:00,30279.126953125,30279.126953125,30166.138671875,30186.5859375,230.45267918681202,53.08983587293187,Uptrend
23-05-2022 02:00,30181.677734375,30186.787109375,30063.7265625,30111.470703125,189.13180029257637,47.78085228563941,Uptrend
23-05-2022 03:00,30109.4140625,30165.431640625,30098.1640625,30140.41796875,165.09611752763522,43.00276705707438,Uptrend
23-05-2022 04:00,30143.90625,30217.583984375,30111.884765625,30112.63671875,138.7426741923482,24.890137888669415,Uptrend
23-05-2022 05:00,30112.375,30259.83203125,30110.474609375,30259.83203125,153.4889201030528,34.4375,Uptrend
23-05-2022 06:00,30260.23828125,30536.984375,30260.23828125,30483.220703125,210.69859601615826,12.310546875,Uptrend
23-05-2022 07:00,30485.189453125,30590.5859375,30429.001953125,30475.056640625,236.5733508600606,0.0,Uptrend
23-05-2022 08:00,30468.37890625,30502.482421875,30302.119140625,30335.859375,211.5278746374097,67.2155859375016,Uptrend
23-05-2022 09:00,30333.708984375,30457.3125,30292.630859375,30439.7421875,214.43991180827652,57.8054039062481,Uptrend
23-05-2022 10:00,30445.302734375,30495.47265625,30421.962890625,30435.109375,208.28571183012173,49.71264735937439,Uptrend
23-05-2022 11:00,30440.494140625,30547.5,30369.240234375,30391.33203125,187.53823279710195,7.42261279687591,Uptrend
23-05-2022 12:00,30392.080078125,30546.95703125,30366.4375,30366.4375,163.14301632728166,41.713710937499854,Uptrend
23-05-2022 13:00,30364.302734375,30489.033203125,30289.4296875,30367.8515625,143.58597948588795,256.24136718750015,Uptrend
23-05-2022 14:00,30356.76171875,30356.76171875,30071.087890625,30214.88671875,90.81118559390598,-6.023124999999709,Uptrend
23-05-2022 15:00,30226.982421875,30424.55078125,30226.982421875,30377.685546875,94.85750119377917,-20.538996874998702,Uptrend
23-05-2022 16:00,30365.767578125,30476.48046875,30239.3125,30243.837890625,62.418297172469465,-19.717436999999336,Uptrend
23-05-2022 17:00,30252.447265625,30259.056640625,30079.611328125,30081.6015625,2.2425627434276976,-18.928739520000818,Uptrend
23-05-2022 18:00,30087.134765625,30136.681640625,29919.765625,29923.75390625,-71.7078797572176,-18.171589939200203,Downtrend
23-05-2022 19:00,29896.271484375,29896.271484375,29208.916015625,29208.916015625,-284.23596570777227,-35.2464254499464,Downtrend
23-05-2022 20:00,29172.87890625,29401.455078125,29133.951171875,29323.880859375,-376.0315637784952,-101.04348864726853,Downtrend
23-05-2022 21:00,29324.541015625,29430.6171875,29303.478515625,29369.654296875,-408.564389756757,-123.69649631935681,Downtrend
23-05-2022 22:00,29356.873046875,29356.873046875,29080.064453125,29183.185546875,-459.61438749740046,-111.3268466874215,Downtrend
23-05-2022 23:00,29186.37890625,29186.87109375,28975.560546875,29101.04296875,-495.37327338668183,-126.69940067241623,Downtrend
24-05-2022 00:00,29101.125,29227.765625,29083.34765625,29150.365234375,-489.47259295246477,-144.70859823201317,Downtrend
24-05-2022 01:00,29148.16015625,29214.884765625,29119.8984375,29210.986328125,-455.9410461484149,-124.4493944795322,Downtrend
24-05-2022 02:00,29209.15625,29263.841796875,29190.517578125,29263.443359375,-408.75158044046475,-107.02647925239944,Downtrend
24-05-2022 03:00,29259.96875,29291.93359375,29235.703125,29284.044921875,-362.4067186105749,-92.04277215706315,Downtrend
24-05-2022 04:00,29284.705078125,29393.08203125,29252.12890625,29356.806640625,-305.62348102316537,-79.15678405507424,Downtrend
24-05-2022 05:00,29356.806640625,29397.1484375,29338.001953125,29342.24609375,-265.13773836851396,-486.24881633830955,Downtrend
24-05-2022 06:00,29334.94921875,29382.900390625,29257.46484375,29319.125,-237.80571787067674,8.431757812501019,Downtrend
24-05-2022 07:00,29319.578125,29407.12109375,29311.62890625,29380.15234375,-199.24002944355016,8.263122656251653,Downtrend
24-05-2022 08:00,29380.1796875,29386.4921875,29191.6875,29191.6875,-214.5256871758029,16.594626656249602,Downtrend
24-05-2022 09:00,29188.09765625,29308.34375,29172.16796875,29275.9609375,-196.87016427062918,15.930841590001364,Downtrend
24-05-2022 10:00,29292.21875,29333.8984375,29277.208984375,29333.8984375,-166.17631190653628,15.2936079264,Downtrend
24-05-2022 11:00,29332.623046875,29390.591796875,29243.93359375,29244.033203125,-163.7836055887019,14.681863609344873,Downtrend
24-05-2022 12:00,29253.150390625,29302.353515625,29183.380859375,29253.8046875,-154.81436246361773,14.094589064970933,Downtrend
24-05-2022 13:00,29241.640625,29282.310546875,29025.0546875,29026.685546875,-198.56558699845118,338.27013755928056,Downtrend
24-05-2022 14:00,28991.296875,29040.794921875,28786.58984375,28953.5,-236.07667527546437,-7.641328124998836,Downtrend
24-05-2022 15:00,28964.330078125,29472.86328125,28964.330078125,29380.17578125,-149.61844170761833,-612.8899218750012,Downtrend
24-05-2022 16:00,29388.22265625,29527.146484375,29268.873046875,29330.6640625,-104.50774364819881,0.0,Downtrend
24-05-2022 17:00,29326.38671875,29353.2421875,29193.91015625,29346.40234375,-70.23320027828595,29.622265624999272,Downtrend
24-05-2022 18:00,29342.578125,29437.376953125,29159.693359375,29166.78125,-90.09696785982305,28.43737500000134,Downtrend
24-05-2022 19:00,29170.703125,29415.46875,29170.703125,29369.61328125,-50.92472601266127,27.299879999998666,Downtrend
24-05-2022 20:00,29363.232421875,29455.833984375,29294.806640625,29453.5390625,-5.69803774333559,26.207884799998283,Downtrend
24-05-2022 21:00,29449.646484375,29595.904296875,29443.080078125,29586.513671875,53.42306337326954,25.159569407998788,Uptrend
24-05-2022 22:00,29585.39453125,29606.88671875,29541.814453125,29584.453125,86.89683341389173,40.35524869752044,Uptrend
24-05-2022 23:00,29583.810546875,29774.35546875,29582.302734375,29653.064453125,120.66476224867074,51.45717211755982,Uptrend
25-05-2022 00:00,29653.134765625,29673.677734375,29575.078125,29614.783203125,128.08750861730732,75.92262293519161,Uptrend
25-05-2022 01:00,29616.076171875,29724.28125,29591.8828125,29724.28125,154.569414139507,68.3303606416739,Uptrend
25-05-2022 02:00,29724.2265625,30116.568359375,29724.2265625,30108.8515625,257.20002158497664,61.49732457750724,Uptrend
25-05-2022 03:00,30110.880859375,30155.912109375,30060.23828125,30139.716796875,318.28798278153045,107.48265741870637,Uptrend
25-05-2022 04:00,30139.419921875,30157.78515625,30058.818359375,30076.138671875,329.8926603197215,115.85698661653805,Uptrend
25-05-2022 05:00,30077.037109375,30123.630859375,29875.53125,29880.998046875,279.957470650068,114.17055434596841,Uptrend
25-05-2022 06:00,29878.8359375,29893.107421875,29691.244140625,29780.302734375,216.97521928106653,95.90326565061332,Uptrend
25-05-2022 07:00,29787.11328125,29823.814453125,29708.880859375,29708.880859375,155.09261427179445,36.95112904072448,Uptrend
25-05-2022 08:00,29712.427734375,29872.96484375,29610.296875,29830.80078125,141.87157632305025,466.541015625,Uptrend
25-05-2022 09:00,29827.552734375,29833.669921875,29715.58984375,29797.5,121.46436499847186,-10.94976562499869,Uptrend
25-05-2022 10:00,29797.474609375,29821.994140625,29692.90625,29717.255859375,86.19349405075991,-10.730770312500681,Uptrend
25-05-2022 11:00,29710.23828125,29738.361328125,29386.3671875,29410.060546875,-10.959042006616073,-10.51615490625045,Downtrend
25-05-2022 12:00,29407.755859375,29566.544921875,29384.94921875,29535.37890625,-39.373373681883095,-29.568851116251608,Downtrend
25-05-2022 13:00,29536.81640625,29767.33203125,29516.220703125,29672.26171875,-22.671082710399787,-42.6642237324013,Downtrend
25-05-2022 14:00,29669.46875,29837.466796875,29669.46875,29744.8828125,5.41376853701513,-40.104370308454236,Uptrend
25-05-2022 15:00,29743.02734375,29779.765625,29610.46875,29628.87109375,-5.439865922067838,-37.69810808994953,Downtrend
25-05-2022 16:00,29629.9296875,29660.716796875,29477.021484375,29530.5,-35.23549741176976,-35.436221604551974,Downtrend
25-05-2022 17:00,29532.732421875,29727.484375,29532.732421875,29689.5390625,-14.222434940103994,-33.310048308278056,Downtrend
25-05-2022 18:00,29700.037109375,29972.638671875,29691.830078125,29867.646484375,41.31014556669834,-521.8574234963635,Uptrend
25-05-2022 19:00,29864.16796875,29913.54296875,29648.5546875,29648.5546875,21.32984104289062,11.753789062498981,Uptrend
25-05-2022 20:00,29640.58203125,29759.271484375,29599.884765625,29759.271484375,34.962233092643146,11.518713281249802,Uptrend
25-05-2022 21:00,29758.0859375,29810.876953125,29738.376953125,29809.87890625,54.12441975661932,11.288339015623933,Uptrend
25-05-2022 22:00,29810.076171875,29823.55859375,29756.369140625,29758.78515625,51.79914997436208,11.062572235314292,Uptrend
25-05-2022 23:00,29768.40234375,29777.078125,29562.859375,29562.859375,2.1031933009580825,10.841320790605096,Uptrend
26-05-2022 00:00,29564.77734375,29822.630859375,29554.478515625,29752.376953125,17.184319200699974,10.624494374795177,Uptrend
26-05-2022 01:00,29754.65234375,29780.572265625,29658.80859375,29663.791015625,4.643447506870871,10.412004487297963,Uptrend
26-05-2022 02:00,29664.349609375,29832.154296875,29664.349609375,29821.66015625,34.51959179251571,10.203764397552732,Uptrend
26-05-2022 03:00,29817.185546875,29817.185546875,29677.345703125,29798.5625,45.944821245208004,9.999689109601604,Uptrend
26-05-2022 04:00,29801.3671875,29834.16015625,29745.21875,29745.21875,38.67677087555421,9.799695327408699,Uptrend
26-05-2022 05:00,29749.748046875,29809.9921875,29665.509765625,29711.5234375,25.042340029558545,9.60370142085958,Uptrend
26-05-2022 06:00,29713.33984375,29713.33984375,29566.130859375,29638.451171875,-1.3747557892056648,9.411627392444643,Downtrend
26-05-2022 07:00,29643.673828125,29708.310546875,29577.853515625,29706.537109375,-1.0542965357853973,9.223394844593713,Downtrend
26-05-2022 08:00,29705.771484375,29708.03125,29010.142578125,29019.0390625,-164.51754508219165,451.9463473851538,Downtrend
26-05-2022 09:00,29008.64453125,29189.001953125,28954.96875,29163.41015625,-223.51757600836572,-19.249921875001746,Downtrend
26-05-2022 10:00,29167.962890625,29208.16796875,29139.421875,29165.931640625,-251.40874676317253,-39.936799999999494,Downtrend
26-05-2022 11:00,29157.109375,29157.109375,28968.876953125,29057.970703125,-285.95574767835205,-38.339327999998204,Downtrend
26-05-2022 12:00,29051.314453125,29096.27734375,28833.986328125,28964.50390625,-319.9696602584336,-36.80575487999886,Downtrend
26-05-2022 13:00,28960.1875,28960.1875,28261.90625,28811.9921875,-366.640535477105,-60.25923233970025,Downtrend
26-05-2022 14:00,28814.392578125,29285.224609375,28807.74609375,29215.19140625,-287.15202605020386,-121.29131078242426,Downtrend
26-05-2022 15:00,29215.537109375,29409.0859375,29215.537109375,29388.923828125,-188.72577623357574,-111.58800591983163,Downtrend
26-05-2022 16:00,29386.02734375,29696.16015625,29369.98828125,29563.318359375,-81.84376013438305,-1283.2620680780456,Downtrend
26-05-2022 17:00,29560.7734375,29628.55078125,29486.224609375,29581.865234375,-10.361105260762997,28.685078124999563,Downtrend
26-05-2022 18:00,29590.318359375,29608.111328125,29497.23828125,29595.919921875,36.43069486969762,28.11137656250139,Uptrend
26-05-2022 19:00,29593.703125,29593.703125,29402.283203125,29403.947265625,17.790015051734372,27.549149031248817,Uptrend
26-05-2022 20:00,29401.1796875,29499.63671875,29305.265625,29451.880859375,17.394428433697612,26.998166050623695,Uptrend
26-05-2022 21:00,29452.189453125,29611.58203125,29452.189453125,29528.591796875,34.868125483655604,26.45820272961282,Uptrend
26-05-2022 22:00,29546.923828125,29634.833984375,29487.826171875,29490.654296875,35.26815305399214,25.92903867502173,Uptrend
26-05-2022 23:00,29496.083984375,29524.20703125,29279.05859375,29279.05859375,-15.990113696963817,25.410457901518384,Downtrend
27-05-2022 00:00,29251.140625,29346.943359375,29096.505859375,29098.123046875,-89.48006785993857,24.9022487434886,Downtrend
27-05-2022 01:00,29096.59375,29096.59375,28936.578125,28971.8984375,-161.02018314721136,24.40420376861948,Downtrend
27-05-2022 02:00,28952.26171875,29044.40625,28860.28515625,28949.875,-204.30328754597213,23.91611969324731,Downtrend
27-05-2022 03:00,28952.365234375,29114.013671875,28952.365234375,29074.7734375,-194.18701499932286,23.43779729938251,Downtrend
27-05-2022 04:00,29067.634765625,29088.34375,28917.44140625,28933.015625,-215.6723292966053,22.96904135339355,Downtrend
27-05-2022 05:00,28932.36328125,29035.697265625,28761.767578125,28793.380859375,-255.0313573772146,22.509660526327934,Downtrend
27-05-2022 06:00,28798.857421875,28937.33984375,28660.080078125,28937.33984375,-236.3995412928307,22.059467315801157,Downtrend
27-05-2022 07:00,28929.521484375,29128.18359375,28925.271484375,29007.796875,-200.88107204612606,21.618277969482733,Downtrend
27-05-2022 08:00,29005.08203125,29085.294921875,28862.759765625,28983.556640625,-178.851540937525,21.185912410095625,Downtrend
27-05-2022 09:00,28983.72265625,29061.81640625,28911.806640625,29053.60546875,-143.2077681458286,20.762194161892694,Downtrend
27-05-2022 10:00,29051.7890625,29051.7890625,28813.05078125,28813.05078125,-174.4369968779538,20.34695027865382,Downtrend
27-05-2022 11:00,28824.560546875,29011.216796875,28824.560546875,28915.55859375,-163.32937006152133,19.940011273080017,Downtrend
27-05-2022 12:00,28913.84765625,29259.71484375,28886.673828125,29209.794921875,-81.38820369608584,19.54121104762089,Downtrend
27-05-2022 13:00,29218.447265625,29335.033203125,29144.322265625,29331.533203125,-0.39431563213656773,19.150386826666363,Downtrend
27-05-2022 14:00,29324.205078125,29324.205078125,28813.5390625,28821.666015625,-72.9252907877817,18.767379090135364,Downtrend
27-05-2022 15:00,28817.462890625,28885.849609375,28703.943359375,28823.505859375,-113.92098631300541,919.6015754165855,Downtrend
27-05-2022 16:00,28831.466796875,28884.69140625,28692.62109375,28706.59375,-162.8682259631205,-19.844335937501455,Downtrend
27-05-2022 17:00,28717.828125,28797.083984375,28376.1484375,28380.693359375,-264.81686904491653,-39.34778906249994,Downtrend
27-05-2022 18:00,28375.095703125,28467.703125,28326.61328125,28446.0703125,-302.3368754281473,-75.64917562499977,Downtrend
27-05-2022 19:00,28439.84375,28888.267578125,28412.828125,28874.724609375,-213.30944746912428,-98.77644594999947,Downtrend
27-05-2022 20:00,28865.224609375,28944.2109375,28775.3828125,28775.3828125,-176.49144422696554,-90.87433027400039,Downtrend
27-05-2022 21:00,28766.81640625,28815.041015625,28721.5390625,28721.5390625,-161.5007972165513,-83.60438385207817,Downtrend
27-05-2022 22:00,28720.861328125,28868.720703125,28708.251953125,28823.03125,-123.16700367164958,-76.9160331439125,Downtrend
27-05-2022 23:00,28820.984375,28824.96484375,28600.8671875,28621.08984375,-144.21625655578464,-70.76275049240212,Downtrend
28-05-2022 00:00,28631.1015625,28795.87890625,28617.50390625,28795.87890625,-110.71789400000125,-65.1017304530069,Downtrend
28-05-2022 01:00,28790.388671875,28803.42578125,28554.56640625,28598.224609375,-134.05822555563645,-59.8935920167678,Downtrend
28-05-2022 02:00,28596.8515625,28709.185546875,28596.8515625,28682.015625,-123.93046227988816,-55.102104655426956,Downtrend
28-05-2022 03:00,28685.322265625,28814.900390625,28641.208984375,28814.900390625,-82.24812238444065,-50.69393628299076,Downtrend
28-05-2022 04:00,28810.14453125,28851.13671875,28762.06640625,28841.81640625,-48.08676690553693,-46.638421380353975,Downtrend
28-05-2022 05:00,28833.705078125,28906.26171875,28791.19921875,28864.443359375,-20.567571050229162,-536.3418458740598,Downtrend
28-05-2022 06:00,28870.712890625,28891.697265625,28832.53515625,28858.990234375,-4.614115342257719,11.592968749999272,Downtrend
28-05-2022 07:00,28859.490234375,28873.189453125,28815.673828125,28869.490234375,7.655083825797192,11.361109375000524,Uptrend
28-05-2022 08:00,28868.9765625,28888.322265625,28778.41796875,28835.51171875,6.722411863251182,11.133887187501387,Uptrend
28-05-2022 09:00,28830.607421875,28857.384765625,28787.1953125,28791.548828125,-4.520916988785757,10.911209443751432,Downtrend
28-05-2022 10:00,28794.005859375,28835.6953125,28762.45703125,28803.455078125,-8.324264804658014,10.692985254874657,Downtrend
28-05-2022 11:00,28803.828125,28890.927734375,28776.244140625,28828.875,-4.301722888289078,10.479125549776654,Downtrend
28-05-2022 12:00,28829.169921875,28973.404296875,28799.25390625,28973.404296875,32.67287221843435,10.269543038783013,Uptrend
28-05-2022 13:00,28969.64453125,29135.91796875,28943.986328125,29055.869140625,73.57226151793657,22.814007481010776,Uptrend
28-05-2022 14:00,29056.45703125,29066.771484375,28941.1796875,28952.61328125,71.32137865635377,42.602991085157555,Uptrend
28-05-2022 15:00,28953.40625,29052.857421875,28921.19140625,29000.34375,79.0639298499591,40.04681162004999,Uptrend
28-05-2022 16:00,28986.427734375,29029.3515625,28942.1953125,28942.1953125,67.37920799530912,37.644002922846994,Uptrend
28-05-2022 17:00,28919.17578125,28930.814453125,28843.71875,28884.640625,44.4887610275764,35.38536274747457,Uptrend
28-05-2022 18:00,28883.13671875,28978.0703125,28883.13671875,28975.95703125,51.01148462949641,33.26224098262537,Uptrend
28-05-2022 19:00,28984.900390625,29021.755859375,28939.05859375,29012.134765625,61.940159919002326,31.266506523668795,Uptrend
28-05-2022 20:00,29003.001953125,29011.291015625,28979.162109375,28994.384765625,62.33951454063936,29.390516132247285,Uptrend
28-05-2022 21:00,29006.572265625,29034.55078125,28990.7109375,29003.169921875,62.69306676747874,27.62708516431303,Uptrend
28-05-2022 22:00,29002.9375,29002.9375,28955.685546875,28998.625,59.833940147796966,25.96946005445352,Uptrend
28-05-2022 23:00,28978.716796875,29084.490234375,28978.716796875,29022.16796875,61.815366170121706,24.411292451186455,Uptrend
29-05-2022 00:00,29019.8671875,29029.28515625,28971.578125,29004.2421875,56.780076293263846,22.946614904118178,Uptrend
29-05-2022 01:00,28998.36328125,29008.748046875,28898.638671875,28921.203125,32.169169858232635,21.569818009869778,Uptrend
29-05-2022 02:00,28916.48046875,28916.48046875,28841.107421875,28886.34375,8.003401457473956,20.275628929277445,Uptrend
29-05-2022 03:00,28886.427734375,28957.279296875,28870.4453125,28957.279296875,10.062563377810875,19.059091193521454,Uptrend
29-05-2022 04:00,28960.888671875,28968.4375,28913.375,28936.328125,5.996776839590893,3.781881823491858,Uptrend
29-05-2022 05:00,28932.966796875,28997.400390625,28926.923828125,28995.80078125,17.514180039885105,17.688632812500146,Uptrend
29-05-2022 06:00,29002.9921875,29040.310546875,28984.708984375,29016.564453125,28.848910828084627,16.627314843750355,Uptrend
29-05-2022 07:00,29016.515625,29020.52734375,28980.92578125,28980.92578125,26.284496068885346,15.629675953125115,Uptrend
29-05-2022 08:00,28989.7109375,29147.525390625,28981.818359375,29061.7109375,43.13783877939932,14.691895395935717,Uptrend
29-05-2022 09:00,29057.59765625,29062.888671875,28963.16015625,28978.669921875,32.16222149473106,19.342435979575384,Uptrend
29-05-2022 10:00,28980.49609375,29154.572265625,28980.49609375,29123.775390625,59.06990612081427,17.79504110120979,Uptrend
29-05-2022 11:00,29141.0234375,29198.16015625,29116.9296875,29194.6015625,90.28807725850493,20.277738288903493,Uptrend
29-05-2022 12:00,29202.005859375,29397.826171875,29187.95703125,29367.55859375,147.43204261509527,17.3359375,Uptrend
29-05-2022 13:00,29375.12890625,29415.123046875,29313.5625,29314.59765625,164.60970191382876,58.42621093750131,Uptrend
29-05-2022 14:00,29326.65234375,29341.783203125,29300.072265625,29310.322265625,168.72717477333936,60.1921187500011,Uptrend
29-05-2022 15:00,29284.017578125,29284.017578125,29178.841796875,29226.509765625,145.89895444182912,50.561379750000924,Uptrend
29-05-2022 16:00,29211.927734375,29310.37109375,29211.927734375,29274.51953125,138.9287354401422,29.165993687496666,Uptrend
29-05-2022 17:00,29273.896484375,29316.126953125,29202.5078125,29209.216796875,114.76577022475976,0.0,Uptrend
29-05-2022 18:00,29211.275390625,29225.3984375,29179.296875,29179.296875,89.42413456191571,236.28125,Uptrend
29-05-2022 19:00,29179.005859375,29179.005859375,29095.384765625,29111.7421875,55.21539270775611,-4.716523437498836,Uptrend
29-05-2022 20:00,29113.873046875,29159.62890625,29110.580078125,29146.603515625,41.12899502523942,-12.600870312500774,Uptrend
29-05-2022 21:00,29163.158203125,29214.970703125,29154.08203125,29214.970703125,47.60465709689015,-12.096835500000452,Uptrend
29-05-2022 22:00,29215.263671875,29498.009765625,29176.16015625,29435.4140625,102.48586717870057,-290.32405199999994,Uptrend
29-05-2022 23:00,29430.123046875,29464.5625,29403.4140625,29440.46484375,133.53786666284577,8.0525000000016,Uptrend
30-05-2022 00:00,29443.365234375,29443.365234375,29303.572265625,29307.140625,116.2844851679547,7.891449999999168,Uptrend
30-05-2022 01:00,29309.642578125,29663.78515625,29309.642578125,29648.85546875,183.54678975697243,7.733620999999403,Uptrend
30-05-2022 02:00,29655.189453125,30211.751953125,29655.189453125,30166.861328125,341.6255498441751,21.78891278499941,Uptrend
30-05-2022 03:00,30172.263671875,30334.740234375,30172.263671875,30317.029296875,461.8836659533081,64.25404222289944,Uptrend
30-05-2022 04:00,30332.458984375,30338.466796875,30241.849609375,30287.640625,512.7600310662528,90.37079541936691,Uptrend
30-05-2022 05:00,30291.365234375,30397.328125,30291.365234375,30397.328125,553.2853376084677,104.2990709822734,Uptrend
30-05-2022 06:00,30425.5546875,30723.19921875,30411.095703125,30675.72265625,626.4489716106436,119.7063560358547,Uptrend
30-05-2022 07:00,30676.328125,30688.2578125,30558.4921875,30629.802734375,639.7588338445566,168.52047865514396,Uptrend
30-05-2022 08:00,30618.50390625,30694.857421875,30583.9921875,30694.857421875,642.966411776295,144.927611643423,Uptrend
30-05-2022 09:00,30699.4140625,30711.1875,30589.439453125,30669.779296875,618.5185270596849,124.63774601334444,Uptrend
30-05-2022 10:00,30678.255859375,30704.21875,30574.984375,30587.197265625,564.4742867088826,107.18846157147709,Uptrend
30-05-2022 11:00,30589.65625,30670.884765625,30580.369140625,30619.1015625,521.5526160164482,92.18207695147066,Uptrend
30-05-2022 12:00,30619.220703125,30806.86328125,30440.037109375,30513.021484375,453.8489669653318,79.27658617826455,Uptrend
30-05-2022 13:00,30519.17578125,30529.513671875,30329.24609375,30461.9921875,386.45410901298237,91.30380898663861,Uptrend
30-05-2022 14:00,30469.806640625,30677.548828125,30468.390625,30468.7421875,335.1420007555971,1.7278096798436309,Uptrend
30-05-2022 15:00,30458.646484375,30623.888671875,30458.646484375,30617.853515625,329.0551087966014,0.0,Uptrend
30-05-2022 16:00,30620.69140625,30684.51953125,30583.541015625,30602.5625,311.29673821866163,76.41875000000073,Uptrend
30-05-2022 17:00,30595.458984375,30746.763671875,30583.19921875,30699.478515625,313.7781457738347,52.98164062499927,Uptrend
30-05-2022 18:00,30699.33203125,30701.6875,30648.140625,30677.77734375,300.1467111297716,55.714687499999854,Uptrend
30-05-2022 19:00,30669.1953125,30774.703125,30619.845703125,30657.55859375,277.58212083240505,46.80033750000075,Uptrend
30-05-2022 20:00,30657.537109375,31241.24609375,30591.916015625,31219.525390625,388.9612205174926,680.0845843749994,Uptrend
30-05-2022 21:00,31235.1953125,31949.630859375,31221.572265625,31736.7578125,566.9448661543684,-649.330078125,Uptrend
30-05-2022 22:00,31782.78125,31795.1484375,31565.1796875,31693.97265625,646.1148892994897,0.0,Uptrend
30-05-2022 23:00,31699.5859375,31831.2421875,31661.03515625,31719.36328125,679.402039710847,27.154296875,Uptrend
31-05-2022 00:00,31728.638671875,31796.03125,31516.84375,31571.3984375,642.6819600276722,26.61121093749898,Uptrend
31-05-2022 01:00,31569.357421875,31574.212890625,31471.951171875,31551.861328125,595.4790459222568,26.078986718748638,Uptrend
31-05-2022 02:00,31555.103515625,31691.19921875,31536.1171875,31691.19921875,581.2790384861437,25.55740698437512,Uptrend
31-05-2022 03:00,31689.662109375,31776.75390625,31634.83203125,31748.349609375,567.8678876897975,25.046258844686236,Uptrend
31-05-2022 04:00,31745.3515625,31770.9375,31669.2421875,31691.193359375,528.1424391875662,24.545333667792875,Uptrend
31-05-2022 05:00,31686.70703125,31701.458984375,31630.61328125,31655.3984375,478.89203046399416,24.054426994436653,Uptrend
31-05-2022 06:00,31652.7109375,31652.7109375,31472.923828125,31480.291015625,392.2902698203652,23.57333845454923,Uptrend
31-05-2022 07:00,31484.501953125,31571.4375,31484.501953125,31561.203125,346.86541579697587,23.101871685459628,Uptrend
31-05-2022 08:00,31562.134765625,31666.8125,31562.134765625,31631.0,325.07300056708846,22.639834251749562,Uptrend
31-05-2022 09:00,31624.58984375,31624.58984375,31511.7421875,31523.16015625,275.9324380889957,22.187037566713116,Uptrend
31-05-2022 10:00,31540.177734375,31654.654296875,31516.423828125,31643.775390625,266.25025182358877,21.743296815380745,Uptrend
31-05-2022 11:00,31644.85546875,31814.830078125,31644.85546875,31756.658203125,278.8346741373607,21.30843087907124,Uptrend
31-05-2022 12:00,31757.8515625,31772.232421875,31567.783203125,31575.84375,234.5223233877332,20.882262261489814,Uptrend
31-05-2022 13:00,31577.822265625,31811.25390625,31352.390625,31413.47265625,161.68930145898412,20.46461701625958,Uptrend
31-05-2022 14:00,31398.294921875,31665.0546875,31286.154296875,31643.24609375,167.33323997151456,20.0553246759373,Uptrend
31-05-2022 15:00,31661.908203125,32104.34765625,31573.62109375,32095.640625,273.13833762680224,19.654218182415207,Uptrend
31-05-2022 16:00,32041.654296875,32249.86328125,31893.48046875,32194.5703125,351.84091458152034,44.71093951253715,Uptrend
31-05-2022 17:00,32176.48046875,32176.48046875,31936.126953125,32052.33203125,354.27649992066654,73.11469039805525,Uptrend
31-05-2022 18:00,32063.572265625,32108.328125,31664.455078125,31672.107421875,253.96904122894193,68.72780897417033,Uptrend
31-05-2022 19:00,31675.65234375,31757.146484375,31613.873046875,31626.201171875,174.4735608679366,64.60414043572018,Uptrend
31-05-2022 20:00,31653.369140625,31750.013671875,31633.271484375,31750.013671875,150.46422951151908,60.72789200957777,Uptrend
31-05-2022 21:00,31750.134765625,31795.01171875,31700.98828125,31700.98828125,119.53305633783748,57.084218489002524,Uptrend
31-05-2022 22:00,31715.314453125,31862.1484375,31710.357421875,31859.005859375,134.70469091878113,53.659165379664046,Uptrend
31-05-2022 23:00,31859.984375,31882.310546875,31785.82421875,31785.82421875,122.15529604359472,50.439615456882166,Uptrend
01-06-2022 00:00,31810.107421875,31957.28515625,31730.138671875,31950.9765625,150.02986047066952,47.4132385294688,Uptrend
01-06-2022 01:00,31935.107421875,31935.107421875,31850.884765625,31899.189453125,149.7499729573792,44.568444217700744,Uptrend
01-06-2022 02:00,31900.82421875,31906.267578125,31756.447265625,31810.03515625,123.59997098047825,41.89433756463768,Uptrend
01-06-2022 03:00,31808.02734375,31809.072265625,31634.646484375,31641.478515625,63.77061183034675,39.3806773107608,Uptrend
01-06-2022 04:00,31641.75390625,31682.4375,31444.685546875,31587.060546875,12.701938772952417,616.9639445352586,Uptrend
01-06-2022 05:00,31586.201171875,31598.4765625,31469.5859375,31594.111328125,-16.82586654413899,-16.103554687499127,Downtrend
01-06-2022 06:00,31594.3515625,31644.4375,31585.421875,31589.658203125,-35.16240216257211,-15.781483593749726,Downtrend
01-06-2022 07:00,31587.390625,31590.919921875,31484.64453125,31484.64453125,-70.10952323083256,-15.46585392187626,Downtrend
01-06-2022 08:00,31482.87890625,31607.56640625,31469.71875,31603.359375,-60.69760097499238,-15.156536843438516,Downtrend
01-06-2022 09:00,31601.47265625,31669.47265625,31600.013671875,31663.724609375,-38.720985684565676,-14.85340610656931,Downtrend
01-06-2022 10:00,31669.5703125,31671.759765625,31549.72265625,31556.810546875,-49.69174100352757,-14.55633798443887,Downtrend
01-06-2022 11:00,31551.078125,31631.1484375,31469.00390625,31566.34765625,-52.460766074775165,-14.265211224748782,Downtrend
01-06-2022 12:00,31567.890625,31772.912109375,31531.333984375,31724.033203125,-14.921372700689972,-13.979907000251842,Downtrend
01-06-2022 13:00,31721.650390625,31848.82421875,31686.986328125,31725.890625,8.637373676159768,-13.700308860246878,Uptrend
01-06-2022 14:00,31726.314453125,31769.19140625,31074.41796875,31243.291015625,-92.33146006442985,-13.426302683044923,Downtrend
01-06-2022 15:00,31225.58203125,31225.58203125,30799.29296875,30804.89453125,-254.68225415392953,-41.126256383766304,Downtrend
01-06-2022 16:00,30758.26953125,30758.26953125,30376.31640625,30429.19921875,-433.97424390937886,-75.72930919262217,Downtrend
01-06-2022 17:00,30415.642578125,30417.06640625,30028.5859375,30158.18359375,-592.8691883203028,-128.7521925214205,Downtrend
01-06-2022 18:00,30174.470703125,30388.62890625,30162.927734375,30229.55078125,-652.897151788151,-182.83806827463195,Downtrend
01-06-2022 19:00,30219.51953125,30270.646484375,30114.16015625,30168.810546875,-682.8395616901653,-164.55426144717057,Downtrend
01-06-2022 20:00,30148.328125,30148.328125,29501.587890625,29655.078125,-801.5398598016145,-148.09883530245133,Downtrend
01-06-2022 21:00,29646.294921875,29743.517578125,29624.31640625,29640.392578125,-851.1877139564822,-223.1865077516486,Downtrend
01-06-2022 22:00,29593.8203125,29739.55859375,29543.138671875,29729.078125,-832.9966000969143,-196.4041268214496,Downtrend
01-06-2022 23:00,29730.3359375,29967.068359375,29730.3359375,29799.162109375,-778.8931827559209,-172.83563160287667,Downtrend
02-06-2022 00:00,29795.880859375,29795.880859375,29652.705078125,29697.3828125,-745.7657736869587,-152.09535581053206,Downtrend
02-06-2022 01:00,29690.91796875,29852.244140625,29665.330078125,29817.509765625,-673.5074024350652,-133.84391311326908,Downtrend
02-06-2022 02:00,29809.646484375,29871.412109375,29781.921875,29812.564453125,-609.7192560074109,-117.78264353967461,Downtrend
02-06-2022 03:00,29808.87109375,29839.40234375,29718.92578125,29735.208984375,-570.3056679912879,-103.6487263149138,Downtrend
02-06-2022 04:00,29726.1640625,29802.62890625,29696.015625,29798.9140625,-513.2595750949367,-91.21087915712633,Downtrend
02-06-2022 05:00,29802.123046875,29861.353515625,29712.4375,29859.173828125,-448.2093026405528,-80.26557365827102,Downtrend
02-06-2022 06:00,29861.671875,29910.90234375,29809.751953125,29909.244140625,-382.8222606397976,-70.63370481927632,Downtrend
02-06-2022 07:00,29909.71484375,30040.349609375,29904.943359375,29955.623046875,-320.1867731626771,-517.9805020080348,Downtrend
02-06-2022 08:00,29956.19140625,29991.537109375,29924.025390625,29951.205078125,-273.2938757149677,10.775234374999854,Downtrend
02-06-2022 09:00,29941.83984375,29980.9921875,29881.75,29909.11328125,-246.35513124960198,10.559729687498475,Downtrend
02-06-2022 10:00,29920.205078125,30048.162109375,29910.248046875,29988.654296875,-203.3472298756642,10.348535093751707,Downtrend
02-06-2022 11:00,30012.623046875,30154.046875,29955.890625,30151.46875,-132.18514243382378,20.595628783750726,Downtrend
02-06-2022 12:00,30163.576171875,30163.576171875,30070.177734375,30085.033203125,-100.88361220314619,36.0107913860993,Downtrend
02-06-2022 13:00,30075.234375,30145.0390625,29688.375,29855.25,-133.51095623018045,45.895868953910394,Downtrend
02-06-2022 14:00,29882.185546875,30053.7109375,29846.69140625,29992.197265625,-116.3460066459229,42.224199437598145,Downtrend
02-06-2022 15:00,30004.166015625,30319.5234375,30004.166015625,30220.615234375,-47.91379031665929,10.377121657391399,Downtrend
02-06-2022 16:00,30222.41015625,30343.248046875,30206.54296875,30262.080078125,4.7564391658052045,63.114843750001455,Uptrend
02-06-2022 17:00,30257.923828125,30323.373046875,30189.55078125,30193.205078125,19.975976340443594,71.01098437499968,Uptrend
02-06-2022 18:00,30185.90625,30300.330078125,30078.58203125,30143.599609375,16.71103076433792,62.48966624999957,Uptrend
02-06-2022 19:00,30136.533203125,30266.59375,30084.296875,30266.59375,43.495508795360365,54.99090630000137,Uptrend
02-06-2022 20:00,30269.796875,30324.759765625,30259.48046875,30261.611328125,57.08412497731115,48.39199754400033,Uptrend
02-06-2022 21:00,30259.79296875,30333.9140625,30251.515625,30332.087890625,80.2483726354003,42.584957838720584,Uptrend
02-06-2022 22:00,30330.267578125,30604.734375,30330.267578125,30497.361328125,131.02370959153632,37.474762898073095,Uptrend
02-06-2022 23:00,30493.548828125,30602.07421875,30464.748046875,30467.90625,150.47750662764884,75.08217584618978,Uptrend
03-06-2022 00:00,30467.806640625,30471.939453125,30387.609375,30402.39453125,141.83645095887186,64.5706712277206,Uptrend
03-06-2022 01:00,30397.4453125,30626.51171875,30387.603515625,30608.3046875,181.1478688385323,55.5307772558408,Uptrend
03-06-2022 02:00,30606.61328125,30633.03515625,30535.1953125,30540.662109375,183.0034159794086,58.063196074312145,Uptrend
03-06-2022 03:00,30542.123046875,30545.392578125,30531.736328125,30531.736328125,176.18781662455876,56.04393904022436,Uptrend
03-06-2022 03:14,30529.232421875,30529.232421875,30529.232421875,30529.232421875,165.88738801371073,45.95603001298514,Uptrend
